<?xml version="1.0" encoding="UTF-8"?>
<project-private xmlns="http://www.netbeans.org/ns/project-private/1">
    <editor-bookmarks xmlns="http://www.netbeans.org/ns/editor-bookmarks/2" lastBookmarkId="0"/>
    <open-files xmlns="http://www.netbeans.org/ns/projectui-open-files/2">
        <group>
            <file>file:/G:/Mi%20unidad/_demiras/_doc/__PDOO/2022_2023/practicas/p5/TutorialP5/src/modelo/Modelo.java</file>
            <file>file:/G:/Mi%20unidad/_demiras/_doc/__PDOO/2022_2023/practicas/p5/TutorialP5/src/controlador/Controlador.java</file>
            <file>file:/G:/Mi%20unidad/_demiras/_doc/__PDOO/2022_2023/practicas/p5/TutorialP5/src/principal/Principal.java</file>
        </group>
    </open-files>
</project-private>
